{"cameraMode":{"drawMode":0,"name":"Shaded","section":"Shading Mode"},"sceneLighting":true,"audioPlay":false,"sceneViewState":{"m_AlwaysRefresh":false,"showFog":true,"showSkybox":true,"showFlares":true,"showImageEffects":true,"showParticleSystems":true,"showVisualEffectGraphs":true,"m_FxEnabled":true},"in2DMode":false,"pivot":{"x":-0.25060635805130007,"y":-0.4207124710083008,"z":0.08534777164459229},"rotation":{"x":-0.3811459243297577,"y":-0.3390597999095917,"z":0.1526768058538437,"w":-0.8464376926422119},"size":1.0792254209518433,"orthographic":false}